{"cameraMode":{"drawMode":0,"name":"Shaded","section":"Shading Mode"},"sceneLighting":true,"audioPlay":false,"sceneViewState":{"m_AlwaysRefresh":true,"showFog":true,"showSkybox":true,"showFlares":true,"showImageEffects":true,"showParticleSystems":true,"showVisualEffectGraphs":true,"m_FxEnabled":true},"in2DMode":false,"pivot":{"x":9.446822166442871,"y":4.719999313354492,"z":-1.7976951599121094},"rotation":{"x":0.055987074971199039,"y":-0.7069851160049439,"z":0.05632404237985611,"w":0.7027559280395508},"size":16.805871963500978,"orthographic":true}